受理时效	如何查询受理进展？
受理时效	一网通办多久受理？
受理时效	办理营业执照多久有答复
其他	2019社工笔试成绩查询
余额	公积金余额查询
其他	到上海蓝海国际广场乘什么車？
其他	法人一证通网上社保开户如何操作？
材料	徐汇区企业核名，需要带什么材料
材料	领取生育津贴需要提供的材料
余额	我的养老保险金有多少钱
地点	公司注销去哪里办理？
地点	医保卡申领受理地点
地点	数字证书受理服务点
受理时效	办证要几天啊
受理时效	提交亮证多久可以通过
余额	医保金额怎么查询
余额	查账号里还有多少钱
材料	营业执照地址迁出需要提供哪些材料？
其他	夫妻离婚了新买房能否迁入同户口？
其他	原工商管理局网站取消了？
受理时效	企业更名审核需要多久
地点	金山区派出所在哪里？
受理时效	新公司申报需要多久？
受理时效	我注册公司需要多久啊
地点	办理地点有具体地址吗
材料	股权质押解除需要携带什么资料？
地点	图书出版许可证去哪里办
余额	怎么查询养老金余额
材料	需要带些什么东西办理
材料	还需要自己带的材料有哪些？
地点	叉车证审核在什么地点
材料	代表处变更首席代表需要什么材料？
其他	如何网上办理人员退工
地点	办身份证去哪里弄？
地点	施工员考证是在哪里报名
材料	请问办理股东变更需要带那些资料
受理时效	办许可证受理的时效多久
余额	哪里可以查我的医保余额？
其他	如何办理企业法人变更
余额	我公积金里面的钱有多少
其他	点击注册，不是填写公司用户？
其他	我们选择哪种公司类型
地点	企业注册去哪里办理？
余额	查询农业银行卡上的余额
受理时效	申请一网通办多久能审过
其他	出入境记录能查询非本人的吗？
材料	成立人力派遣公司需要什么文件
余额	查个人账户余额
其他	对外贸易备案登记表怎么变更？
余额	查询医保卡余额及明细
受理时效	刚刚注册多久能审批通过
材料	要准备什么材料
其他	电子版诚信手册如何申请
余额	我想查我个人养老金金额多少？
余额	可以查到社保卡里有多少钱吗
受理时效	居转户多久可以领取材料
受理时效	审核营业执照需要多久
地点	对外贸易经营者备案登记办理地点
余额	如何我查医保卡上的余额
余额	我的公积金余额多少
余额	社保余额怎么不显示
材料	企业注销需提供什么材料
其他	打开信用报告的密码忘了怎么办
余额	医保金查询不到余额
材料	设立工商需要提供的资料
地点	闵行区的护照办理地点在哪里？
受理时效	网上信息采集需要多久
地点	内资变更去哪里登记？
地点	许可证注销去哪里办理
